{"sections":{"16359891480fd9ff5f":{"type":"hero","blocks":{"2720dde4-5616-4d73-9c3a-70a558e6702a":{"type":"slide","settings":{"overlay":true,"image":"shopify:\/\/shop_images\/52e5414d103f15e057c0114ada151b99.jpg","image_mobile":"shopify:\/\/shop_images\/52e5414d103f15e057c0114ada151b99.jpg","image_position":"center center","image_position_mobile":"center center","slide_link":"","video":"","title":"SCOPRI  I NOSTRI GIOIELLI","text":"<p>I GIOIELLI IDEALI PER QUALSIASI OCCASIONE <\/p>","text_position":"align-center","text_position_mobile":"align-center","text_alignment":"text-center","text_alignment_mobile":"text-center","enable_custom_fonts":false,"slideshow_family":"poppins_n4","button_label":"SCOPRI DI PIU","button_link":"shopify:\/\/collections\/all","button_style":"btn--primary","button_label_2":"","button_link_2":"","button_style_2":""}}},"block_order":["2720dde4-5616-4d73-9c3a-70a558e6702a"],"settings":{"show_on_desktop":true,"show_on_mobile":true,"section_height":"xlarge","section_height_mobile":"large","arrows":true,"dots":true,"autoplay":false,"autoplayspeed":8}},"163598817646bb30be":{"type":"featured-image","disabled":true,"settings":{"show_on_desktop":true,"show_on_mobile":true,"full_width":false,"section_style":"section-blank","image_link":""}},"1635988664ac3ba2b1":{"type":"featured-row","disabled":true,"settings":{"show_on_desktop":true,"show_on_mobile":true,"section_style":"section-blank","text_size":"large","image_alignement":"left","text_alignment":"text-center","title":"Image with text","text":"<p>Pair large text with an image to give focus to your chosen product, collection, or blog post. Add details on availability, style, or even provide a review.<\/p>","button_style":"btn--primary","button_label":"","button_link":""}},"1635989139a4179d33":{"type":"featured-content","disabled":true,"settings":{"show_on_desktop":true,"show_on_mobile":true,"title":"Featured content","text":"<p>Use this text to share information about your brand with your customers. Describe a product, share announcements, or welcome customers to your store.<\/p>","section_style":"section-blank","text_size":"large","text_alignment":"text-center","button_style":"btn--primary","button_label":"","button_link":""}},"3a108a78-e68d-4183-90ba-5135b740a140":{"type":"featured-content","settings":{"show_on_desktop":true,"show_on_mobile":true,"title":"","text":"<p>Ci contraddistinguiamo per la nostra <strong>straordinaria professionalità<\/strong> che si manifesta in ogni aspetto del nostro lavoro, dall'attenzione scrupolosa ai dettagli alla <strong>cura meticolosa <\/strong>con cui affrontiamo ogni sfida, garantendo sempre risultati di altissima <strong>qualità e soddisfazione <\/strong>dei nostri clienti<\/p>","section_style":"section-blank","text_size":"large","text_alignment":"text-center","button_style":"btn--primary","button_label":"","button_link":""}},"a53f8f82-b5e5-4382-82c0-c890fc047290":{"type":"featured-row","settings":{"show_on_desktop":true,"show_on_mobile":true,"image":"shopify:\/\/shop_images\/6d130a7758671c5c01991effe29549c4.jpg","section_style":"section-blank","text_size":"large","image_alignement":"left","text_alignment":"text-center","title":"LA NOSTRA GARANZIA","text":"<p><strong>La nostra garanzia <\/strong>rappresenta il nostro impegno incondizionato a offrire prodotti e servizi di prima qualità, sostenuti da <strong>un'assistenza impeccabile<\/strong>, per assicurarvi completa fiducia e tranquillità in ogni vostro acquisto con noi<\/p>","button_style":"btn--primary","button_label":"","button_link":""}},"b44c412f-f7ca-4b32-918e-a7382443a1d4":{"type":"featured-content","settings":{"show_on_desktop":true,"show_on_mobile":true,"title":"OFFERTA LIMITATA","text":"<p>Acquista entro oggi al 50% di sconto e approfittane della nostra spedizione gratuita, tracciata e assicurata in 24\/48 ore in tutta Italia anche con Pagamento alla Consegna.<\/p>","section_style":"section-default","text_size":"large","text_alignment":"text-center","button_style":"btn--primary","button_label":"","button_link":""}},"43686e71-eadd-4822-999e-4e0077f77bb2":{"type":"featured-row","settings":{"show_on_desktop":true,"show_on_mobile":true,"image":"shopify:\/\/shop_images\/e4ccdbacd8b47e74251bfc2f1cd61a0e.jpg","section_style":"section-blank","text_size":"large","image_alignement":"left","text_alignment":"text-center","title":"LA NOSTRA QUALITA'","text":"<p><strong>I nostri gioielli <\/strong>incarnano l'eccellenza artigianale e la <strong>bellezza senza tempo<\/strong>, riflettendo la nostra dedizione alla creazione di opere d'arte uniche che brillano di qualità e <strong>raffinatezza ineguagliabili<\/strong><\/p>","button_style":"btn--primary","button_label":"","button_link":""}},"c8273778-311c-49c9-b238-670fa1b17bbb":{"type":"featured-content","settings":{"show_on_desktop":true,"show_on_mobile":true,"title":"SODDISFATTI O RIMBORSATI","text":"","section_style":"section-default","text_size":"large","text_alignment":"text-center","button_style":"btn--primary","button_label":"","button_link":""}},"39a6887f-61dd-4125-b978-e185679515a3":{"type":"featured-product","settings":{"show_on_desktop":false,"show_on_mobile":false,"featured_product":"aspiratore-wireless","section_style":"section-blank","show_product_vendor":false,"show_product_type":false,"show_product_sku":false,"product_title_large":false,"show_product_tags":false,"show_sharing_icons":false,"show_product_collections":false,"show_full_details":true,"enable_fading_effect":false,"enable_image_zoom":true,"enable_video_looping":false,"media_layout":"thumbnails","image_size":"medium","quantity_enabled":true,"product_selector":"select","show_product_description":true,"description_full":false,"dbtfy_product_description_position":"under_addtocart","description_style":"section-border","text_alignment":"text-center","text_alignment_mobile":"small--text-center"}},"1700177020c1bb9dd4":{"type":"apps","blocks":{"630644a7-aa2f-4ca6-8c69-02b3c38586c1":{"type":"shopify:\/\/apps\/judge-me-reviews\/blocks\/review_widget_homepage\/61ccd3b1-a9f2-4160-9fe9-4fec8413e5d8","settings":{"product":""}}},"block_order":["630644a7-aa2f-4ca6-8c69-02b3c38586c1"],"settings":{}}},"order":["16359891480fd9ff5f","163598817646bb30be","1635988664ac3ba2b1","1635989139a4179d33","3a108a78-e68d-4183-90ba-5135b740a140","a53f8f82-b5e5-4382-82c0-c890fc047290","b44c412f-f7ca-4b32-918e-a7382443a1d4","43686e71-eadd-4822-999e-4e0077f77bb2","c8273778-311c-49c9-b238-670fa1b17bbb","39a6887f-61dd-4125-b978-e185679515a3","1700177020c1bb9dd4"]}