{"sections":{"main":{"type":"product-template","settings":{"show_product_vendor":false,"show_product_type":false,"show_product_sku":false,"product_title_large":false,"show_product_tags":false,"show_sharing_icons":false,"show_product_collections":false,"enable_fading_effect":false,"enable_image_zoom":true,"enable_video_looping":true,"media_layout":"thumbnails","image_size":"medium","quantity_enabled":true,"product_selector":"select","show_product_description":true,"enable_split_description":false,"description_full":false,"dbtfy_product_description_position":"under_addtocart","description_style":"section-border","text_alignment":"","text_alignment_mobile":"small--text-left"}},"upsell-bundles":{"type":"dbtfy-upsell-bundles","disabled":true,"settings":{"dbtfy_upsell_bundles_title":"Frequently bought together","dbtfy_upsell_bundles_subtitle":"","dbtfy_upsell_bundles_total":"Total price:","dbtfy_upsell_bundles_cart":"Add selected items","dbtfy_upsell_bundles_icons":"library_add_check","dbtfy_upsell_bundles_current":"This item:","section_style":"section-border","dbtfy_upsell_bundles_reviews":false,"dbtfy_upsell_bundles_limit":"2","dbtfy_upsell_bundles_position":"product"}},"pricing-table":{"type":"dbtfy-pricing-table","settings":{"show_on_desktop":true,"show_on_mobile":true,"title":"Pricing table","subtitle":"","section_style":"section-blank","dbtfy_button_position":"middle"}},"product-recommendations":{"type":"product-recommendations","settings":{"show_product_recommendations":true,"title":"Recommended for you","subtitle":"","section_style":"section-border","rows":"2","desktop_grid":"4","mobile_grid":"2","slider_related_products":true,"arrows":true,"dots":true,"autoplay":false,"autoplayspeed":5}},"review-widget":{"type":"product-review-widget","settings":{}},"faq-section":{"type":"dbtfy-faq-section","disabled":true,"settings":{"show_on_desktop":true,"show_on_mobile":true,"title":"FAQ","subtitle":"","section_style":"section-border","dbtfy_faq_searchbox":true,"dbtfy_faq_search_placeholder":"Search questions...","dbtfy_faq_bannerbox":true,"dbtfy_faq_banner_icon":"live_help","dbtfy_faq_banner_text":"Didn't find your answer?","dbtfy_faq_banner_subtitle":"Our customer service will be happy to help you.","dbtfy_faq_btn":"Get in Touch","dbtfy_faq_link":""}},"related-products":{"type":"related-products","disabled":true,"settings":{"show_related_products":false,"related_collection":true,"same_vendor":false,"same_type":false,"never_empty":true,"title":"You may also like","subtitle":"","section_style":"section-border","rows":"1","desktop_grid":"4","mobile_grid":"2","slider_related_products":true,"arrows":true,"dots":true,"autoplay":false,"autoplayspeed":5}},"back-to-collection":{"type":"product-back-to-collection","disabled":true,"settings":{}},"7cab44dd-036e-443a-ab88-b625737911b6":{"type":"featured-content","settings":{"show_on_desktop":true,"show_on_mobile":true,"title":"OFFERTA LIMITATA","text":"<p>Acquista entro oggi al 50% di sconto e approfittane della nostra spedizione gratuita, tracciata e assicurata in 24\/48 ore in tutta Italia anche con Pagamento alla Consegna.<\/p>","section_style":"section-default","text_size":"large","text_alignment":"text-center","button_style":"btn--primary","button_label":"","button_link":""}},"4f506f63-a67c-45a7-b1d7-ead60dacd56c":{"type":"featured-content","settings":{"show_on_desktop":true,"show_on_mobile":true,"title":"SODDISFATTI O RIMBORSATI","text":"","section_style":"section-default","text_size":"large","text_alignment":"text-center","button_style":"btn--primary","button_label":"","button_link":""}},"37c93a3e-0deb-4502-8ab4-c295c5908542":{"type":"dbtfy-faq-section","blocks":{"template--19209752117584__37c93a3e-0deb-4502-8ab4-c295c5908542-16891717850c389803-1":{"type":"text_block","settings":{"dbtfy_faq_page_open":false,"dbtfy_faq_page_icon":"","title":"Da quanto esiste il marchio Gioelleria BIRNI™?","text":"<p>Il marchio Gioielleria BIRNI™ è specializzato da 20 anni nel settore.<br\/><\/p>"}},"3148ede9-4f5b-4d4d-86e9-8c644f3d6fbd":{"type":"text_block","settings":{"dbtfy_faq_page_open":false,"dbtfy_faq_page_icon":"","title":"Che materiali vengono usati?","text":"<p>I materiali usati sono argento, oro e pietre preziose.<\/p>"}},"47d7c3d9-1275-4f6f-a623-f145daf5146c":{"type":"text_block","settings":{"dbtfy_faq_page_open":false,"dbtfy_faq_page_icon":"","title":"Entro quanto tempo arriva?","text":"<p>Offriamo spedizione veloce in tutta Italia, il che significa che dovresti ricevere i nostri Gioelli<strong> BIRNI™<\/strong> entro 24\/48 ore.<\/p>"}}},"block_order":["template--19209752117584__37c93a3e-0deb-4502-8ab4-c295c5908542-16891717850c389803-1","3148ede9-4f5b-4d4d-86e9-8c644f3d6fbd","47d7c3d9-1275-4f6f-a623-f145daf5146c"],"settings":{"show_on_desktop":true,"show_on_mobile":true,"title":"DOMANDE FREQUENTI","subtitle":"","section_style":"section-border","dbtfy_faq_searchbox":false,"dbtfy_faq_search_placeholder":"Search questions...","dbtfy_faq_bannerbox":false,"dbtfy_faq_banner_icon":"live_help","dbtfy_faq_banner_text":"Didn't find your answer?","dbtfy_faq_banner_subtitle":"Our customer service will be happy to help you.","dbtfy_faq_btn":"Get in Touch","dbtfy_faq_link":""}},"169505062632e2f28c":{"type":"apps","blocks":{"91f11951-22ad-405a-ab4d-b5d11cb0ea2b":{"type":"shopify:\/\/apps\/judge-me-reviews\/blocks\/review_widget\/61ccd3b1-a9f2-4160-9fe9-4fec8413e5d8","settings":{}}},"block_order":["91f11951-22ad-405a-ab4d-b5d11cb0ea2b"],"settings":{}},"170005960967792da7":{"type":"apps","settings":{}}},"order":["main","upsell-bundles","pricing-table","product-recommendations","review-widget","faq-section","related-products","back-to-collection","7cab44dd-036e-443a-ab88-b625737911b6","4f506f63-a67c-45a7-b1d7-ead60dacd56c","37c93a3e-0deb-4502-8ab4-c295c5908542","169505062632e2f28c","170005960967792da7"]}