{"current":{"hero_header_desktop":false,"hero_header_mobile":false,"search_enabled":false,"collection_grid_products_count":false,"show_locale_selector":false,"show_currency_selector":false,"browsing_link":"shopify:\/\/products\/aspiratore-wireless","cart_notes_enable":true,"color_announcement_bg":"#444444","color_nav_border":"#FFFFFF","color_default":"#f2f2f2","color_border":"#FFFFFF","color_primary":"#848484","color_secondary":"#444444","color_input":"#f2f2f2","color_sales_price":"#000000","color_drawer_bg":"#FFFFFF","color_drawer_default":"#FFFFFF","color_drawer_border":"#FFFFFF","color_drawer_text":"#212529","color_drawer_primary":"#c7c7c7","color_drawer_button_text":"#FFFFFF","color_drawer_secondary":"#444444","color_drawer_input":"#444444","color_drawer_sales_price":"#c7c7c7","color_drawer_overlay_opacity":61,"color_footer_bg":"#444444","color_footer_border":"#FFFFFF","color_footer_secondary":"#2DFFB3","color_overlay":"#212529","opacity_overlay":76,"dbtfy_cart_discount":false,"dbtfy_discount_saved":false,"dbtfy_live_view":false,"dbtfy_sold_items":false,"dbtfy_trust_badge":false,"dbtfy_back_in_stock":false,"dbtfy_instagram_feed":false,"dbtfy_order_feedback":false,"dbtfy_social_discount":false,"dbtfy_wish_list":false,"dbtfy_custom_currencies":false,"dbtfy_live_view_min":76,"dbtfy_live_view_max":91,"dbtfy_newsletter_floating_bar":false,"dbtfy_sales_pop_mobile":true,"dbtfy_sold_items_min":48,"dbtfy_sold_items_max":91,"dbtfy_sticky_addtocart_position":"top","dbtfy_trust_badge_product":false,"dbtfy_trust_badge_cart":false,"dbtfy_trust_badge_image":"shopify:\/\/shop_images\/Snuglie.png","dbtfy_trust_badge_width":"200","sections":{"dbtfy-bullet-points":{"type":"dbtfy-bullet-points","blocks":{"82123bf8-fad3-466e-90b3-600cf4f0da60":{"type":"point","settings":{"dbtfy_bullet_point_text":"<p>Includes Duvet Cover, 2 Pillow Cases & Bottom Sheet<\/p>","dbtfy_bullet_point_icon":"check_circle","dbtfy_bullet_point_type":"","dbtfy_bullet_point_tag":"","dbtfy_bullet_point_product":"","dbtfy_bullet_point_collection":""}},"db8c8a49-d8b4-4996-8c00-42ef16511ff1":{"type":"point","settings":{"dbtfy_bullet_point_text":"<p>FREE Priority Shipping in USA<\/p>","dbtfy_bullet_point_icon":"check_circle","dbtfy_bullet_point_type":"","dbtfy_bullet_point_tag":"","dbtfy_bullet_point_product":"","dbtfy_bullet_point_collection":""}},"67eeaa7e-5b3d-4da9-9c20-365c2114308c":{"type":"point","disabled":true,"settings":{"dbtfy_bullet_point_text":"<p>Early Black Friday Pricing<\/p>","dbtfy_bullet_point_icon":"check_circle","dbtfy_bullet_point_type":"","dbtfy_bullet_point_tag":"","dbtfy_bullet_point_product":"","dbtfy_bullet_point_collection":""}}},"block_order":["82123bf8-fad3-466e-90b3-600cf4f0da60","db8c8a49-d8b4-4996-8c00-42ef16511ff1","67eeaa7e-5b3d-4da9-9c20-365c2114308c"],"settings":{"dbtfy_bullet_points_position":"under-product-price","dbtfy_bullet_points_alignment":"left","dbtfy_bullet_points_display_type":"inline"}},"dbtfy-cart-goal":{"type":"dbtfy-cart-goal","settings":{"dbtfy_cart_goal_before_text":"You're","dbtfy_cart_goal_amount":"70","dbtfy_cart_goal_after_text":"away from FREE shipping!","dbtfy_cart_goal_reached_text":"You are eligible for FREE shipping!","dbtfy_cart_goal_icons":"local_shipping"}},"dbtfy-cart-upsell":{"type":"dbtfy-cart-upsell","settings":{"dbtfy_cart_upsell_button_style":"btn--primary"}},"dbtfy-color-swatches":{"type":"dbtfy-color-swatches","blocks":{"7faa779e-9286-4797-be87-a2076d036f7e":{"type":"swatch","disabled":true,"settings":{"title":"Dark Gray","dbtfy_swatches_color_value":"#363131"}},"26793952-0f81-41db-bc97-8ece8cbe3587":{"type":"swatch","disabled":true,"settings":{"title":"","dbtfy_swatches_color_value":""}},"7a4d25b1-44d2-4d26-8580-a56c43cfe4e4":{"type":"swatch","settings":{"title":"VERDE","dbtfy_swatches_color_value":"#479b64","dbtfy_swatches_image":"shopify:\/\/shop_images\/2146_26935_100-008_Principale.jpg"}}},"block_order":["7faa779e-9286-4797-be87-a2076d036f7e","26793952-0f81-41db-bc97-8ece8cbe3587","7a4d25b1-44d2-4d26-8580-a56c43cfe4e4"],"settings":{}},"dbtfy-customizable-products":{"type":"dbtfy-customizable-products","settings":{}},"dbtfy-delivery-time":{"type":"dbtfy-delivery-time","blocks":{"2698ced0-4428-42d7-a15c-3cf3a3bc41a7":{"type":"delivery_time","settings":{"dbtfy_delivery_time_icon":"local_shipping","dbtfy_delivery_time_prefix":"Buy now to receive in","dbtfy_delivery_time_separator":"-","dbtfy_delivery_time_suffix":"days","dbtfy_delivery_time_date":true,"dbtfy_delivery_time_format":"%b %d","dbtfy_delivery_time_from":3,"dbtfy_delivery_time_to":6,"dbtfy_delivery_time_exclude_days":"SAT, SUN","dbtfy_delivery_time_cut_off":false,"dbtfy_delivery_time_cut_off_time":"16:00:00","dbtfy_delivery_time_cut_off_message":"Order within","visibility":"all","dbtfy_delivery_time_collection":"","dbtfy_delivery_time_type":"","dbtfy_delivery_time_tag":"","dbtfy_delivery_time_product":""}},"fa86bf33-5515-45df-b7ea-9cd19924349a":{"type":"delivery_time","settings":{"dbtfy_delivery_time_icon":"local_shipping","dbtfy_delivery_time_prefix":"Buy now to receive in","dbtfy_delivery_time_separator":"-","dbtfy_delivery_time_suffix":"days","dbtfy_delivery_time_date":false,"dbtfy_delivery_time_format":"%b %d","dbtfy_delivery_time_from":7,"dbtfy_delivery_time_to":14,"dbtfy_delivery_time_exclude_days":"SAT, SUN","dbtfy_delivery_time_cut_off":false,"dbtfy_delivery_time_cut_off_time":"16:00:00","dbtfy_delivery_time_cut_off_message":"Order within","visibility":"all","dbtfy_delivery_time_collection":"","dbtfy_delivery_time_type":"","dbtfy_delivery_time_tag":"","dbtfy_delivery_time_product":""}}},"block_order":["2698ced0-4428-42d7-a15c-3cf3a3bc41a7","fa86bf33-5515-45df-b7ea-9cd19924349a"],"settings":{"dbtfy_delivery_time_position":"under-addtocart-button"}},"dbtfy-product-swatches":{"type":"dbtfy-product-swatches","settings":{"dbtfy_product_swatches_show_in_grid":true}},"dbtfy-quantity-breaks":{"type":"dbtfy-quantity-breaks","settings":{"dbtfy_quantity_breaks_single_text":"Buy _COUNT_: _PRICE_ _SAVED_AMOUNT_","dbtfy_quantity_breaks_price_type":"total_price","dbtfy_quantity_breaks_more_discount_text_before":"Add","dbtfy_quantity_breaks_more_discount_text_after":"more item to unlock","dbtfy_quantity_breaks_more_discount_text_after_percentage":"off","dbtfy_quantity_breaks_highest_discount_text":"Highest discount applied!"}},"dbtfy-sales-countdown":{"type":"dbtfy-sales-countdown","settings":{"dbtfy_sales_countdown_icons":"local_fire_department","dbtfy_sales_countdown_prefix":"Sale ends in","dbtfy_sales_countdown_suffix":"","dbtfy_sales_countdown_d":"d","dbtfy_sales_countdown_h":"h","dbtfy_sales_countdown_m":"m","dbtfy_sales_countdown_s":"s"}},"dbtfy-size-chart":{"type":"dbtfy-size-chart","settings":{"dbtfy_size_chart_icon":"straighten","dbtfy_size_chart_title":"Size chart","dbtfy_size_chart_width":"large"}},"dbtfy-upsell-popup":{"type":"dbtfy-upsell-popup","blocks":{"f1aadb82-65f3-491d-8316-df188705a4c5":{"type":"upsell","settings":{"dbtfy_upsell_popup_title":"Special Offer!","dbtfy_upsell_popup_text":"<p>Add this product to your cart and get 20% OFF your entire order.<\/p>","dbtfy_upsell_popup_collection_trigger":"","dbtfy_upsell_popup_product_trigger":"chaoswen","dbtfy_upsell_popup_product_offer":"chaoswen","dbtfy_upsell_popup_icons":"card_giftcard","button_label":"Claim offer!","dbtfy_upsell_popup_discount_name":"","dbtfy_upsell_popup_discount_amount":"","dbtfy_upsell_popup_discount_type":"%"}}},"block_order":["f1aadb82-65f3-491d-8316-df188705a4c5"],"settings":{"dbtfy_upsell_popup_width":"","dbtfy_upsell_popup_description":"See product details","dbtfy_upsell_popup_cart":"No thanks","dbtfy_upsell_popup_checkout":"Go to checkout →","text_alignment":"text-center","dbtfy_upsell_popup_range":75}},"drawer-menu":{"type":"drawer-menu","settings":{"drawer_link_toggle":true,"email":true,"phone":true,"show_social_medias":true,"hide_menu_icon":true,"title":"Menu","drawer_top_link_list":"main-menu","drawer_bottom_link_list":"footer"}},"announcement":{"type":"announcement","blocks":{"announcement-0":{"type":"message","settings":{"announcement_text":"<p>SPEDIZIONE 24\/48 ORE + PAGAMENTO ALLA CONSEGNA<\/p>"}}},"block_order":["announcement-0"],"settings":{"show_announcement":true,"small_announcement_text":true,"show_social":false,"email":false,"phone":false,"left_message":"","right_message":"","announcement_autoplayspeed":5}},"header":{"type":"header","settings":{"main_menu_link_list":"main-menu","navigation_type":"center","header_font_size":16,"logo_link":true,"default_logo":"shopify:\/\/shop_images\/BIRNI_f082bcb4-d8f3-4697-92a8-9e9ce82ea974.png","inverted_logo":"shopify:\/\/shop_images\/BIRNI_854ee088-ec2a-4765-8cd9-45f8a5eea812.png","mobile_logo":"shopify:\/\/shop_images\/BIRNI_201272ac-cd78-409f-a871-37f331b13b27.png","default_logo_svg":"","inverted_logo_svg":"","mobile_logo_svg":"","logo_width":100,"logo_mobile_width":90}},"dbtfy-instagram-feed":{"type":"dbtfy-instagram-feed","settings":{"dbtfy_instagram_feed_icon":false,"dbtfy_instagram_feed_access_token":"","dbtfy_instagram_feed_resolution":"low_resolution","dbtfy_instagram_feed_full_width":false,"title":"","subtitle":"","dbtfy_instagram_feed_section_style":"section-border","dbtfy_instagram_feed_rows":"1","dbtfy_instagram_feed_desktop_grid":"6","dbtfy_instagram_feed_mobile_grid":"3"}},"guarantee":{"type":"guarantee","blocks":{"guarantee-0":{"type":"text","settings":{"guarantee_icon":"loyalty","title":"SODDISFATTI O RIMBORSATI","text":"<p>Non sei soddisfatto del nostro prodotto? Puoi rispedircelo e ti rimborseremo interamente l'ordine.<\/p>","button_style":"btn-outline-primary","button_label":"","button_link":""}},"guarantee-1":{"type":"text","settings":{"guarantee_icon":"loyalty","title":"SPEDIZIONE GRATUITA E TRACCIATA","text":"<p>BIRNI™ effettua consegne in tutta Italia in 24\/48 ore anche con pagamento alla consegna.<\/p>","button_style":"btn-outline-primary","button_label":"","button_link":""}}},"block_order":["guarantee-0","guarantee-1"],"settings":{"show_guarantee":true,"guarantee_size":"xl","section_style":"section-border"}},"footer":{"type":"footer","blocks":{"5ca345b0-0b03-4f2a-bae0-c46548e6d9ae":{"type":"link_list","settings":{"column_width":1,"title":"BIRNI™","subtitle":"","footer_link_list":"main-menu"}},"footer-1":{"type":"link_list","settings":{"column_width":1,"title":"Politiche","subtitle":"","footer_link_list":"footer"}},"footer-0":{"type":"text","settings":{"column_width":2,"svg":"","img_url":"","logo_width":180,"title":"Supporto Clienti 24\/7","subtitle":"","text":"<p>Per ricevere assistenza puoi contattarci tramite il pulsante WhatsApp in basso a sinistra oppure tramite il seguente indirizzo e-mail: birni@info.it<\/p>","email":false,"phone":false}}},"block_order":["5ca345b0-0b03-4f2a-bae0-c46548e6d9ae","footer-1","footer-0"],"settings":{"show_social_media":false,"social_title":"Follow-us on social media!","show_payment_icons":true,"show_shopify_footer":false,"show_debutify_footer":false,"custom_credential":""}},"dbtfy-product-tabs":{"type":"dbtfy-product-tabs","settings":{"dbtfy_product_tabs_display_type":"vertical"}},"dbtfy-collection-filters":{"type":"dbtfy-collection-filters","settings":{"clear_label":"Clear","clear_all_label":"Clear All","hide_unavailable_options":false,"visibility_tags_count":"none"}}},"content_for_index":[],"blocks":{"13669795325273674392":{"type":"shopify:\/\/apps\/releasit-cod-form\/blocks\/app-embed\/72faf214-4174-4fec-886b-0d0e8d3af9a2","disabled":false,"settings":{}},"14060646107696862457":{"type":"shopify:\/\/apps\/judge-me-reviews\/blocks\/judgeme_core\/61ccd3b1-a9f2-4160-9fe9-4fec8413e5d8","disabled":false,"settings":{}},"2965712708760319418":{"type":"shopify:\/\/apps\/proof-bear-sales-popup\/blocks\/widget\/6e90b7fd-96ea-488b-9571-34f0c382838a","disabled":true,"settings":{}},"442549160356511856":{"type":"shopify:\/\/apps\/ck-whatsapp-chat-abandoned\/blocks\/app-embed-block\/ce4c5d89-06d5-4502-b18d-35d424a3f693","disabled":false,"settings":{}},"10025992882218306672":{"type":"shopify:\/\/apps\/ctx-whatsapp-chat-abandoned\/blocks\/app-embed\/7bea84d9-a54b-47f1-9ebf-40f235a03c1c","disabled":false,"settings":{}}}}}